rank,province,health_zone,d7,d14,d21,d28,d31,date_d7,date_d14,date_d21,date_d28,date_d31
1,Ituri,Lita,11.0,15.11,18.21,20.6,21.55,2026-04-30,2026-05-07,2026-05-14,2026-05-21,2026-05-24
2,Ituri,Nizi,9.97,12.62,14.45,15.83,16.33,2026-04-30,2026-05-07,2026-05-14,2026-05-21,2026-05-24
3,Ituri,Bambu,6.45,8.39,9.99,11.15,11.98,2026-04-30,2026-05-07,2026-05-14,2026-05-21,2026-05-24
4,Ituri,Kilo,3.9,5.43,6.37,7.11,7.35,2026-04-30,2026-05-07,2026-05-14,2026-05-21,2026-05-24
5,Ituri,Nyankunde,3.45,4.89,5.8,6.48,6.8,2026-04-30,2026-05-07,2026-05-14,2026-05-21,2026-05-24
6,Ituri,Tchomia,4.57,5.38,5.89,6.39,6.55,2026-04-30,2026-05-07,2026-05-14,2026-05-21,2026-05-24
7,Ituri,Komanda,1.76,2.55,3.03,3.46,3.64,2026-04-30,2026-05-07,2026-05-14,2026-05-21,2026-05-24
8,Ituri,Damas,1.87,2.6,2.91,3.2,3.32,2026-04-30,2026-05-07,2026-05-14,2026-05-21,2026-05-24
9,Ituri,Drodro,1.32,1.97,2.4,2.76,2.89,2026-04-30,2026-05-07,2026-05-14,2026-05-21,2026-05-24
10,Ituri,Gety,1.61,2.18,2.45,2.69,2.77,2026-04-30,2026-05-07,2026-05-14,2026-05-21,2026-05-24
11,Ituri,Fataki,0.51,0.82,1.06,1.27,1.35,2026-04-30,2026-05-07,2026-05-14,2026-05-21,2026-05-24
12,Ituri,Logo,0.48,0.71,0.92,1.1,1.17,2026-04-30,2026-05-07,2026-05-14,2026-05-21,2026-05-24
13,Ituri,Rimba,0.36,0.58,0.77,0.93,1.0,2026-04-30,2026-05-07,2026-05-14,2026-05-21,2026-05-24
14,Ituri,Mahagi,0.46,0.63,0.79,0.92,0.97,2026-04-30,2026-05-07,2026-05-14,2026-05-21,2026-05-24
15,Nord-Kivu,Beni,0.34,0.53,0.71,0.89,0.96,2026-04-30,2026-05-07,2026-05-14,2026-05-21,2026-05-24
16,Nord-Kivu,Katwa,0.41,0.57,0.73,0.89,0.96,2026-04-30,2026-05-07,2026-05-14,2026-05-21,2026-05-24
17,Ituri,Mambasa,0.44,0.58,0.69,0.81,0.86,2026-04-30,2026-05-07,2026-05-14,2026-05-21,2026-05-24
18,Nord-Kivu,Butembo,0.35,0.5,0.64,0.79,0.84,2026-04-30,2026-05-07,2026-05-14,2026-05-21,2026-05-24
19,Nord-Kivu,Oicha,0.25,0.43,0.58,0.74,0.8,2026-04-30,2026-05-07,2026-05-14,2026-05-21,2026-05-24
20,Haut-Uele,Watsa,0.27,0.4,0.49,0.62,0.67,2026-04-30,2026-05-07,2026-05-14,2026-05-21,2026-05-24
21,Ituri,Boga,0.22,0.54,0.59,0.64,0.66,2026-04-30,2026-05-07,2026-05-14,2026-05-21,2026-05-24
22,Ituri,Aru,0.24,0.37,0.48,0.58,0.61,2026-04-30,2026-05-07,2026-05-14,2026-05-21,2026-05-24
23,Ituri,Mandima,0.25,0.37,0.45,0.56,0.6,2026-04-30,2026-05-07,2026-05-14,2026-05-21,2026-05-24
24,Ituri,Lolwa,0.23,0.36,0.46,0.55,0.59,2026-04-30,2026-05-07,2026-05-14,2026-05-21,2026-05-24
25,Nord-Kivu,Kalunguta,0.15,0.28,0.38,0.51,0.55,2026-04-30,2026-05-07,2026-05-14,2026-05-21,2026-05-24
26,Ituri,Kambala,0.15,0.26,0.38,0.48,0.53,2026-04-30,2026-05-07,2026-05-14,2026-05-21,2026-05-24
27,Ituri,Nyarambe,0.21,0.3,0.38,0.46,0.49,2026-04-30,2026-05-07,2026-05-14,2026-05-21,2026-05-24
28,Ituri,Biringi,0.17,0.27,0.36,0.43,0.46,2026-04-30,2026-05-07,2026-05-14,2026-05-21,2026-05-24
29,Nord-Kivu,Musienene,0.14,0.27,0.34,0.42,0.45,2026-04-30,2026-05-07,2026-05-14,2026-05-21,2026-05-24
30,Ituri,Nia Nia,0.15,0.25,0.31,0.37,0.42,2026-04-30,2026-05-07,2026-05-14,2026-05-21,2026-05-24
31,Tshopo,Makiso Kisangani,0.17,0.24,0.29,0.34,0.35,2026-04-30,2026-05-07,2026-05-14,2026-05-21,2026-05-24
32,Ituri,Aungba,0.1,0.17,0.25,0.31,0.34,2026-04-30,2026-05-07,2026-05-14,2026-05-21,2026-05-24
33,Haut-Uele,Isiro,0.09,0.2,0.24,0.29,0.32,2026-04-30,2026-05-07,2026-05-14,2026-05-21,2026-05-24
34,Ituri,Ariwara,0.13,0.2,0.24,0.3,0.31,2026-04-30,2026-05-07,2026-05-14,2026-05-21,2026-05-24
35,Haut-Uele,Gombari,0.13,0.2,0.24,0.29,0.31,2026-04-30,2026-05-07,2026-05-14,2026-05-21,2026-05-24
36,Haut-Uele,Makoro,0.09,0.17,0.23,0.27,0.3,2026-04-30,2026-05-07,2026-05-14,2026-05-21,2026-05-24
37,Ituri,Angumu,0.13,0.18,0.23,0.26,0.28,2026-04-30,2026-05-07,2026-05-14,2026-05-21,2026-05-24
38,Nord-Kivu,Kyondo,0.07,0.12,0.17,0.22,0.25,2026-04-30,2026-05-07,2026-05-14,2026-05-21,2026-05-24
39,Ituri,Rethy,0.09,0.13,0.16,0.21,0.23,2026-04-30,2026-05-07,2026-05-14,2026-05-21,2026-05-24
40,Tshopo,Kabondo,0.1,0.14,0.18,0.21,0.22,2026-04-30,2026-05-07,2026-05-14,2026-05-21,2026-05-24
41,Nord-Kivu,Masereka,0.04,0.08,0.11,0.15,0.17,2026-04-30,2026-05-07,2026-05-14,2026-05-21,2026-05-24
42,Tshopo,Bafwasende,0.05,0.09,0.12,0.15,0.16,2026-04-30,2026-05-07,2026-05-14,2026-05-21,2026-05-24
43,Tshopo,Wanierukula,0.05,0.09,0.12,0.15,0.16,2026-04-30,2026-05-07,2026-05-14,2026-05-21,2026-05-24
44,Nord-Kivu,Mutwanga,0.04,0.08,0.11,0.14,0.15,2026-04-30,2026-05-07,2026-05-14,2026-05-21,2026-05-24
45,Nord-Kivu,Goma,0.06,0.08,0.11,0.13,0.14,2026-04-30,2026-05-07,2026-05-14,2026-05-21,2026-05-24
46,Nord-Kivu,Mabalako,0.05,0.08,0.1,0.13,0.14,2026-04-30,2026-05-07,2026-05-14,2026-05-21,2026-05-24
47,Haut-Uele,Wamba,0.05,0.08,0.1,0.13,0.14,2026-04-30,2026-05-07,2026-05-14,2026-05-21,2026-05-24
48,Haut-Uele,Dungu,0.05,0.08,0.1,0.12,0.14,2026-04-30,2026-05-07,2026-05-14,2026-05-21,2026-05-24
49,Nord-Kivu,Karisimbi,0.05,0.08,0.1,0.13,0.13,2026-04-30,2026-05-07,2026-05-14,2026-05-21,2026-05-24
50,Kinshasa,Nsele,0.04,0.08,0.1,0.13,0.13,2026-04-30,2026-05-07,2026-05-14,2026-05-21,2026-05-24
51,Kinshasa,Gombe,0.07,0.09,0.11,0.12,0.13,2026-04-30,2026-05-07,2026-05-14,2026-05-21,2026-05-24
52,Nord-Kivu,Nyiragongo,0.04,0.06,0.09,0.11,0.12,2026-04-30,2026-05-07,2026-05-14,2026-05-21,2026-05-24
53,Tshopo,Tshopo,0.05,0.07,0.09,0.11,0.12,2026-04-30,2026-05-07,2026-05-14,2026-05-21,2026-05-24
54,Kinshasa,Limete,0.04,0.07,0.08,0.1,0.1,2026-04-30,2026-05-07,2026-05-14,2026-05-21,2026-05-24
55,Nord-Kivu,Lubero,0.03,0.05,0.07,0.09,0.1,2026-04-30,2026-05-07,2026-05-14,2026-05-21,2026-05-24
56,Nord-Kivu,Kayna,0.03,0.05,0.07,0.09,0.1,2026-04-30,2026-05-07,2026-05-14,2026-05-21,2026-05-24
57,Tshopo,Mangobo,0.04,0.06,0.07,0.09,0.09,2026-04-30,2026-05-07,2026-05-14,2026-05-21,2026-05-24
58,Kinshasa,Lingwala,0.04,0.06,0.07,0.09,0.09,2026-04-30,2026-05-07,2026-05-14,2026-05-21,2026-05-24
59,Tshopo,Lubunga,0.03,0.05,0.07,0.09,0.09,2026-04-30,2026-05-07,2026-05-14,2026-05-21,2026-05-24
60,Kinshasa,Binza Ozone,0.05,0.07,0.08,0.09,0.09,2026-04-30,2026-05-07,2026-05-14,2026-05-21,2026-05-24
61,Kinshasa,Kokolo,0.04,0.06,0.07,0.08,0.09,2026-04-30,2026-05-07,2026-05-14,2026-05-21,2026-05-24
62,Kinshasa,Kasa Vubu,0.04,0.05,0.07,0.08,0.08,2026-04-30,2026-05-07,2026-05-14,2026-05-21,2026-05-24
63,Kinshasa,Kinshasa,0.03,0.05,0.07,0.08,0.08,2026-04-30,2026-05-07,2026-05-14,2026-05-21,2026-05-24
64,Kinshasa,Kalamu 1,0.03,0.05,0.06,0.08,0.08,2026-04-30,2026-05-07,2026-05-14,2026-05-21,2026-05-24
65,Kinshasa,Kintambo,0.03,0.05,0.06,0.07,0.07,2026-04-30,2026-05-07,2026-05-14,2026-05-21,2026-05-24
66,Kinshasa,Lemba,0.02,0.04,0.06,0.07,0.07,2026-04-30,2026-05-07,2026-05-14,2026-05-21,2026-05-24
67,Kinshasa,Masina 1,0.02,0.04,0.05,0.07,0.07,2026-04-30,2026-05-07,2026-05-14,2026-05-21,2026-05-24
68,Nord-Kivu,Rutshuru,0.01,0.03,0.04,0.06,0.07,2026-04-30,2026-05-07,2026-05-14,2026-05-21,2026-05-24
69,Sud-Kivu,Katana,0.02,0.03,0.04,0.06,0.06,2026-04-30,2026-05-07,2026-05-14,2026-05-21,2026-05-24
70,Kinshasa,Bandalungwa,0.02,0.04,0.05,0.06,0.06,2026-04-30,2026-05-07,2026-05-14,2026-05-21,2026-05-24
71,Ituri,Laybo,0.02,0.03,0.04,0.05,0.06,2026-04-30,2026-05-07,2026-05-14,2026-05-21,2026-05-24
72,Kinshasa,Masina 2,0.01,0.03,0.04,0.05,0.06,2026-04-30,2026-05-07,2026-05-14,2026-05-21,2026-05-24
73,Kinshasa,Kikimi,0.01,0.03,0.04,0.05,0.05,2026-04-30,2026-05-07,2026-05-14,2026-05-21,2026-05-24
74,Sud-Kivu,Ibanda,0.02,0.03,0.04,0.05,0.05,2026-04-30,2026-05-07,2026-05-14,2026-05-21,2026-05-24
75,Kinshasa,Barumbu,0.02,0.03,0.04,0.05,0.05,2026-04-30,2026-05-07,2026-05-14,2026-05-21,2026-05-24
76,Kinshasa,Matete,0.02,0.03,0.04,0.05,0.05,2026-04-30,2026-05-07,2026-05-14,2026-05-21,2026-05-24
77,Ituri,Adi,0.02,0.03,0.03,0.04,0.05,2026-04-30,2026-05-07,2026-05-14,2026-05-21,2026-05-24
78,Kinshasa,Binza Meteo,0.02,0.03,0.04,0.04,0.05,2026-04-30,2026-05-07,2026-05-14,2026-05-21,2026-05-24
79,Kinshasa,Ndjili,0.01,0.02,0.03,0.04,0.04,2026-04-30,2026-05-07,2026-05-14,2026-05-21,2026-05-24
80,Kinshasa,Selembao,0.01,0.03,0.03,0.04,0.04,2026-04-30,2026-05-07,2026-05-14,2026-05-21,2026-05-24
81,Sud-Kivu,Kadutu,0.01,0.02,0.03,0.04,0.04,2026-04-30,2026-05-07,2026-05-14,2026-05-21,2026-05-24
82,Kinshasa,Kingabwa,0.01,0.02,0.03,0.04,0.04,2026-04-30,2026-05-07,2026-05-14,2026-05-21,2026-05-24
83,Kinshasa,Ngiri Ngiri,0.01,0.02,0.03,0.04,0.04,2026-04-30,2026-05-07,2026-05-14,2026-05-21,2026-05-24
84,Kinshasa,Mont Ngafula 1,0.02,0.03,0.03,0.04,0.04,2026-04-30,2026-05-07,2026-05-14,2026-05-21,2026-05-24
85,Haut-Uele,Pawa,0.01,0.02,0.03,0.04,0.04,2026-04-30,2026-05-07,2026-05-14,2026-05-21,2026-05-24
86,Kinshasa,Mont Ngafula 2,0.02,0.02,0.03,0.04,0.04,2026-04-30,2026-05-07,2026-05-14,2026-05-21,2026-05-24
87,Sud-Kivu,Minova,0.0,0.01,0.02,0.03,0.04,2026-04-30,2026-05-07,2026-05-14,2026-05-21,2026-05-24
88,Kinshasa,Police,0.01,0.02,0.02,0.03,0.04,2026-04-30,2026-05-07,2026-05-14,2026-05-21,2026-05-24
89,Kinshasa,Kingasani,0.01,0.02,0.02,0.03,0.03,2026-04-30,2026-05-07,2026-05-14,2026-05-21,2026-05-24
90,Sud-Kivu,Bagira,0.01,0.01,0.02,0.03,0.03,2026-04-30,2026-05-07,2026-05-14,2026-05-21,2026-05-24
91,Haut-Uele,Rungu,0.01,0.02,0.02,0.03,0.03,2026-04-30,2026-05-07,2026-05-14,2026-05-21,2026-05-24
92,Sud-Kivu,Kabare,0.01,0.01,0.02,0.03,0.03,2026-04-30,2026-05-07,2026-05-14,2026-05-21,2026-05-24
93,Kinshasa,Maluku 1,0.01,0.01,0.02,0.03,0.03,2026-04-30,2026-05-07,2026-05-14,2026-05-21,2026-05-24
94,Nord-Kivu,Alimbongo,0.01,0.01,0.02,0.03,0.03,2026-04-30,2026-05-07,2026-05-14,2026-05-21,2026-05-24
95,Haut-Uele,Faradje,0.01,0.01,0.02,0.02,0.03,2026-04-30,2026-05-07,2026-05-14,2026-05-21,2026-05-24
96,Nord-Kivu,Walikale,0.01,0.01,0.02,0.02,0.02,2026-04-30,2026-05-07,2026-05-14,2026-05-21,2026-05-24
97,Maniema,Lubutu,0.01,0.01,0.02,0.02,0.02,2026-04-30,2026-05-07,2026-05-14,2026-05-21,2026-05-24
98,Haut-Uele,Aba,0.01,0.02,0.02,0.02,0.02,2026-04-30,2026-05-07,2026-05-14,2026-05-21,2026-05-24
99,Kinshasa,Kalamu 2,0.01,0.01,0.01,0.02,0.02,2026-04-30,2026-05-07,2026-05-14,2026-05-21,2026-05-24
100,Kinshasa,Makala,0.0,0.01,0.01,0.02,0.02,2026-04-30,2026-05-07,2026-05-14,2026-05-21,2026-05-24
101,Haut-Katanga,Lubumbashi,0.01,0.01,0.01,0.02,0.02,2026-04-30,2026-05-07,2026-05-14,2026-05-21,2026-05-24
102,Bas-Uele,Buta,0.01,0.02,0.02,0.02,0.02,2026-04-30,2026-05-07,2026-05-14,2026-05-21,2026-05-24
103,Tshopo,Bafwagbogbo,0.01,0.01,0.01,0.02,0.02,2026-04-30,2026-05-07,2026-05-14,2026-05-21,2026-05-24
104,Tshopo,Banalia,0.0,0.01,0.01,0.02,0.02,2026-04-30,2026-05-07,2026-05-14,2026-05-21,2026-05-24
105,Tanganyika,Nyemba,0.01,0.01,0.01,0.02,0.02,2026-04-30,2026-05-07,2026-05-14,2026-05-21,2026-05-24
106,Haut-Uele,Niangara,0.01,0.01,0.01,0.01,0.02,2026-04-30,2026-05-07,2026-05-14,2026-05-21,2026-05-24
107,Kinshasa,Ngaba,0.0,0.01,0.01,0.01,0.01,2026-04-30,2026-05-07,2026-05-14,2026-05-21,2026-05-24
108,Haut-Katanga,Mumbunda,0.0,0.01,0.01,0.01,0.01,2026-04-30,2026-05-07,2026-05-14,2026-05-21,2026-05-24
109,Kinshasa,Bumbu,0.0,0.01,0.01,0.01,0.01,2026-04-30,2026-05-07,2026-05-14,2026-05-21,2026-05-24
110,Nord-Kivu,Kamango,0.01,0.01,0.01,0.01,0.01,2026-04-30,2026-05-07,2026-05-14,2026-05-21,2026-05-24
111,Nord-Kivu,Kirotshe,0.0,0.01,0.01,0.01,0.01,2026-04-30,2026-05-07,2026-05-14,2026-05-21,2026-05-24
112,Haut-Katanga,Tshamilemba,0.0,0.01,0.01,0.01,0.01,2026-04-30,2026-05-07,2026-05-14,2026-05-21,2026-05-24
113,Kinshasa,Kisenso,0.0,0.01,0.01,0.01,0.01,2026-04-30,2026-05-07,2026-05-14,2026-05-21,2026-05-24
114,Sud-Kivu,Uvira,0.0,0.01,0.01,0.01,0.01,2026-04-30,2026-05-07,2026-05-14,2026-05-21,2026-05-24
115,Maniema,Kindu,0.0,0.01,0.01,0.01,0.01,2026-04-30,2026-05-07,2026-05-14,2026-05-21,2026-05-24
116,Tshopo,Isangi,0.0,0.01,0.01,0.01,0.01,2026-04-30,2026-05-07,2026-05-14,2026-05-21,2026-05-24
117,Nord-Kivu,Manguredjipa,0.0,0.0,0.01,0.01,0.01,2026-04-30,2026-05-07,2026-05-14,2026-05-21,2026-05-24
118,Tanganyika,Kalemie,0.0,0.0,0.01,0.01,0.01,2026-04-30,2026-05-07,2026-05-14,2026-05-21,2026-05-24
119,Tshopo,Basoko,0.0,0.0,0.01,0.01,0.01,2026-04-30,2026-05-07,2026-05-14,2026-05-21,2026-05-24
120,Nord-Kivu,Biena,0.0,0.0,0.01,0.01,0.01,2026-04-30,2026-05-07,2026-05-14,2026-05-21,2026-05-24
121,Sud-Kivu,Kalehe,0.0,0.0,0.0,0.0,0.01,2026-04-30,2026-05-07,2026-05-14,2026-05-21,2026-05-24
122,Kongo,Central Massa,0.0,0.0,0.01,0.01,0.01,2026-04-30,2026-05-07,2026-05-14,2026-05-21,2026-05-24
123,Haut-Katanga,Kipushi,0.0,0.0,0.01,0.01,0.01,2026-04-30,2026-05-07,2026-05-14,2026-05-21,2026-05-24
124,Mongala,Yamaluka,0.0,0.01,0.01,0.01,0.01,2026-04-30,2026-05-07,2026-05-14,2026-05-21,2026-05-24
125,Ituri,Adja,0.0,0.01,0.01,0.01,0.01,2026-04-30,2026-05-07,2026-05-14,2026-05-21,2026-05-24
126,Sud-Kivu,Miti Murhesa,0.0,0.0,0.01,0.01,0.01,2026-04-30,2026-05-07,2026-05-14,2026-05-21,2026-05-24
127,Kinshasa,Kimbanseke,0.0,0.0,0.0,0.01,0.01,2026-04-30,2026-05-07,2026-05-14,2026-05-21,2026-05-24
128,Nord-Kivu,Bambo,0.0,0.0,0.01,0.01,0.01,2026-04-30,2026-05-07,2026-05-14,2026-05-21,2026-05-24
129,Kinshasa,Maluku 2,0.0,0.0,0.0,0.01,0.01,2026-04-30,2026-05-07,2026-05-14,2026-05-21,2026-05-24
130,Kinshasa,Biyela,0.0,0.0,0.0,0.01,0.01,2026-04-30,2026-05-07,2026-05-14,2026-05-21,2026-05-24
131,Tshopo,Yakusu,0.0,0.0,0.0,0.01,0.01,2026-04-30,2026-05-07,2026-05-14,2026-05-21,2026-05-24
132,Sud-Kivu,Mwana,0.0,0.0,0.0,0.0,0.01,2026-04-30,2026-05-07,2026-05-14,2026-05-21,2026-05-24
133,Sud-Kivu,Ruzizi,0.0,0.0,0.0,0.0,0.01,2026-04-30,2026-05-07,2026-05-14,2026-05-21,2026-05-24
134,Tshopo,Bengamisa,0.0,0.0,0.0,0.01,0.01,2026-04-30,2026-05-07,2026-05-14,2026-05-21,2026-05-24
135,Bas-Uele,Poko,0.0,0.0,0.0,0.01,0.01,2026-04-30,2026-05-07,2026-05-14,2026-05-21,2026-05-24
136,Sud-Kivu,Nyantende,0.0,0.0,0.0,0.01,0.01,2026-04-30,2026-05-07,2026-05-14,2026-05-21,2026-05-24
137,Lualaba,Manika,0.0,0.0,0.0,0.01,0.01,2026-04-30,2026-05-07,2026-05-14,2026-05-21,2026-05-24
138,Equateur,Mbandaka,0.0,0.0,0.01,0.01,0.01,2026-04-30,2026-05-07,2026-05-14,2026-05-21,2026-05-24
139,Sud-Kivu,Walungu,0.0,0.0,0.0,0.0,0.01,2026-04-30,2026-05-07,2026-05-14,2026-05-21,2026-05-24
140,Mongala,Lisala,0.0,0.0,0.0,0.01,0.01,2026-04-30,2026-05-07,2026-05-14,2026-05-21,2026-05-24
141,Kasaï,Central Lukonga,0.0,0.0,0.0,0.0,0.01,2026-04-30,2026-05-07,2026-05-14,2026-05-21,2026-05-24
142,Kongo,Central Kisantu,0.0,0.0,0.0,0.0,0.01,2026-04-30,2026-05-07,2026-05-14,2026-05-21,2026-05-24
