North Kivu,21-05-2026,"La décontamination a été effectuée à l'hôpital de Matanda après qu'un cas confirmé de Katwa y ait été identifié. Une évaluation de la carte de pointage IPC a donné à l'hôpital un score de 70,6 %. Une cartographie des cas a été réalisée et un examen de la situation des CTE a identifié les besoins en matière d'approvisionnement en PCI, notamment en EPI, en approvisionnement en eau, en gestion des déchets et en organisation du circuit des patients."
Ituri,05-06-2026,"Quinze prestataires de soins (4 établissements) ont été informés des précautions standard, de la gestion des déchets et du lavage des mains ; 14 autres (4 établissements) sur le lavage des mains, le bionettoyage et la gestion des déchets. La décontamination a été effectuée à l'orphelinat Saint-Nicolas, suivie d'une ouverture de cercle couvrant 3 formations sanitaires, 13 églises et 433 foyers."
North-Kivu,05-06-2026,Les tableaux de bord IPC dans cinq établissements étaient en moyenne de 40 %. Vingt-huit prestataires là-bas (plus cinq dans une autre zone) ont reçu des séances d'information IPC. Un enterrement en toute sécurité a été effectué. La décontamination a concerné deux installations et un foyer. Les comités IPC-WASH ont été redynamisés dans cinq établissements et les circuits de triage/isolement réorganisés dans deux centres de santé.
South-Kivu,05-06-2026,"Une évaluation de deux établissements de santé dans une zone de santé a montré des scores de 42 % et 35,5 %, avec des plans d'amélioration élaborés. Des fournitures IPC ont été fournies, dont 100 kits de lavage des mains (40 dans les établissements de santé, 60 distribués dans la communauté). Quarante kits de décontamination ont été déployés dans deux zones de santé."
North-Kivu,22-05-2026,"La décontamination a été effectuée à l'hôpital de Matanda où séjournait un cas confirmé de Katwa. Une évaluation de la carte de pointage IPC de l'hôpital de Matanda a montré un score de 70,6 %. Une cartographie des cas a été réalisée. Un examen de la situation des ETC a été réalisé pour identifier les besoins en approvisionnement en PCI, notamment en EPI, approvisionnement en eau, gestion des déchets et circuit des patients."
Ituri,06-06-2026,"6 des 15 enterrements effectués en toute sécurité. 23 prestataires de 6 établissements ont été informés des principes fondamentaux de la MVE, du bionettoyage et des précautions standard. Une zone : 10 formés aux EPI/déchets ; maison décontaminée; 3 enterrements sécurisés sur 5 alertes (2 reportées). Autre zone : 8 enterrements sécurisés sur 9 alertes ; 7 installations décontaminées ; 33 personnes ont été informées sur le lavage des mains et la gestion des déchets."
North-Kivu,06-06-2026,"Évaluation des risques au CH Saint Joseph (Rughenda). Scores IPC : Clinique La Vie des Hommes 27,5%, Nya Kalunga Makuha 22,5%, Vuhika 51,1%, Masuli 46,5% (moyenne 36,9%). Décontamination réalisée dans 2 des 6 locaux des cliniques universitaires Horizon liés à deux prestataires positifs."
South-Kivu,06-06-2026,"Prise en charge du RIT pour l’enquête sur Nyangezi. Deux tableaux de bord des établissements : 38 % et 43 % ; plans d’amélioration élaborés. Prise en charge de la décontamination des soins intensifs dans un hôpital général. Distribution de 100 kits de lavage des mains (40 établissements, 60 communautés) et 40 kits de décontamination dans deux zones de santé."
Ituri,07-06-2026,"L’IPC obtient un score de 5 à 67,7 % dans 8 établissements. Formation de 2 équipes funéraires (24 prestataires). Ailleurs : briefings, 3 ring, 1 établissement décontaminé + 3 logements, matériel de lavage des mains fourni. Autre zone : briefings, 30 ring home. Un autre : 12 briefés, 6 maisons nettoyées. Autre : 6 enterrements sécurisés (8 alertes, 2 en cours) + 6 décontaminations."
North-Kivu,07-06-2026,Le suivi et l'accompagnement ont été réalisés dans trois centres de santé d'une zone de santé. La formation de 45 prestataires de santé a été clôturée à l'ETC dans la même zone de santé. La décontamination a été réalisée dans 4 locaux sur 6 des cliniques universitaires d'une autre zone de santé autour de deux cas confirmés.
South-Kivu,07-06-2026,"Un corps a été placé en soins intensifs dans un hôpital général de référence. Un soutien a été apporté à la décontamination d'une école primaire et 4 personnes ont été encadrées pour préparer des solutions chlorées à 0,05% et 0,5%. Une séance d'information a été organisée auprès de 208 personnes issues de 6 aires de santé réparties dans deux zones de santé sur la décontamination, les enterrements sûrs et dignes et le respect des mesures barrières."
Ituri,08-06-2026,"Cartes de score IPC : 19 établissements (un à 38,7 %), 2 établissements (11 %, 12 %) et 16 établissements (tous < 50 %). La formation a commencé pour 50 prestataires de 16 établissements sur l'IPC. Cercles ouverts autour des cas confirmés dans 3 zones avec décontamination des sites. Les prestataires ont été informés des principes fondamentaux de la gestion des déchets, de l’hygiène des mains, du bionettoyage, des EPI et de la MVE ; les techniciens de surface ont été informés sur la MVE et la norme IPC."
North-Kivu,08-06-2026,"A Katwa, 2 formations sanitaires sur 4 ont été décontaminées autour de 2 cas confirmés ; 3 ménages ont été identifiés et planifiés pour une décontamination. De plus, 7 établissements de santé sur 8 ont été accompagnés et 37 prestataires ont été informés sur les sujets de PCI dans ces établissements."
South-Kivu,08-06-2026,"La décontamination a été réalisée dans une unité de soins intensifs et un site de cantonnement. Les évaluations des cartes de pointage de deux établissements de santé (40,0 % et 9,7 %) ont été suivies par l'élaboration de plans de rétablissement. Douze prestataires ont été informés de la décontamination et du port/retrait des EPI. Une évaluation de 5 points chauds a été réalisée et des dispositifs de lavage des mains ont été installés dans une zone de santé."
North-Kivu,11-06-2026,"Bilan de 4 formations sanitaires (FEPSI :61%, Shangilieni :48%, Kyaghala :68%, La Charité :15%). 2/2 installations décontaminées (HGR Katwa, CH FEPSI). 46/56 prestataires informés. Évaluation des risques de 15/36 prestataires (11 à haut risque, 3 intermédiaires, 1 à faible risque). 26 structures accompagnées à Goma, Karisimbi, Nyiragongo avec 29 prestataires briefés."
South-Kivu,11-06-2026,Décontamination de 12 ménages et 9 latrines. Prise en charge de l'EIR (mise/retrait) pour 6 échantillons. Briefing de 6 hygiénistes au CS Kahungu sur la technique de décontamination '3 seaux'.
North-Kivu,15-06-2026,"38 formations sanitaires accompagnées à Butembo, Katwa, Beni et Goma. Fournitures IPC livrées à HGR Matanda. Décontamination des salles de maternité et post-partum à l'HGR Matanda. Évaluation des risques de 6/13 prestataires (3 à haut risque). 97 prestataires briefés à Katwa, Beni et Butembo. Décontamination de l'HGR Kitatumba et du CH Saint Joseph (1/6 installations restantes). Évaluation du tableau de bord de 7 établissements à Beni (moyenne 47,4%). Formation clôturée pour 11 prestataires sur le site de transit des réfugiés avec le soutien de l'OMS/HCR."
South-Kivu,15-06-2026,"Évaluation par fiche de 5 établissements de santé (4 dans la ZS de Katana, 1 dans la ZS de Mitimurhesa)."
North-Kivu,16-06-2026,"Début d'un briefing IPC de 2 jours pour les prestataires de santé des cliniques de la MONUSCO à Goma. Évaluation des risques des 5/7 membres du personnel exposés à un cas confirmé au CH Félicité (risque élevé). Bilan de 23 personnels exposés à Beni (12 à haut risque). 126 prestataires briefés lors de l'accompagnement de 34 formations sanitaires à Beni, Butembo, Katwa. Encadrement du CH LA VERITE qui a reçu 5 cas positifs. Décontamination autour des cas confirmés à Butembo et Katwa. Décontamination de 1/2 installations (CH DON DIVIN) à Katwa. Évaluation du tableau de bord de 12 établissements (Beni moy. 55,7%, Katwa : HGR KITATUMBA 42%, Dispensaire Félicité 24,6%). Fournitures IPC livrées à CH Wanamahika (Katwa)."
South-Kivu,16-06-2026,"Évaluation par fiche de 5 établissements de santé (4 dans la ZS de Katana, 1 dans la ZS de Mitimurhesa). Décontamination de 8 ménages et 8 latrines autour de 8 cas suspects à Katana HZ (5 Kalagane, 3 Chiranga)."
North-Kivu,18-06-2026,"Évaluation des risques au CH CBCA (Katwa) : 1 prestataire à haut risque. Évaluation du tableau de bord de 3 établissements à Beni (CH CBCA 56,5%, CHP Heshima Letu 60%, Dispensaire Bora Uzima 22%). Lacunes : triage non fonctionnel, dispositifs de lavage des mains insuffisants, EPI insuffisants, prestataires non formés, mauvaise gestion des déchets, pas d'incinérateur. Briefing de 222 prestataires à Beni, Butembo, Goma, Katwa, Karisimbi, Nyiragongo. 46 établissements de santé accompagnés pour un mentorat IPC. Décontamination de 6 installations (3 Katwa, 1 Butembo, 2 Beni)."
South-Kivu,18-06-2026,"Conditionnement et distribution de fournitures IPC et EPI à la ZS de Miti-Murhesa. Prise en charge de l'EIR pour 10 ré-échantillonnages. Décontamination de 21 ménages (8 Kalagane AS/Katana, 13 Kabushwa AS/Miti-Murhesa). Installation de 4 postes de contrôle (3 Lwiro AS, 1 Kabushwa AS) avec l'appui du PNHF/OIM. Distribution de kits IPC aux écoles (EP KABINDI, EP MURHANGA, EP CIBATI/COMBO). Décontamination en ambulance après transfert du patient. Bilan au CH Bugarula (Idjwi HZ) : 43,5%."
North-Kivu,19-06-2026,"Évaluation des risques de 16 prestataires exposés : 8 à Katwa (tous à haut risque), 8 à Butembo (6 à haut risque, 2 à faible risque). Décontamination de 2 formations sanitaires (triage CS Makerere) après transfert de cas confirmés et suspectés. Briefing de 104 prestataires sur les définitions de cas et les précautions standards de PCI (triage, isolement, hygiène des mains, nettoyage, désinfection, gestion des déchets) à Butembo, Katwa, Beni, Karisimbi, Nyiragongo. Appui au briefing de 18 prestataires de la morgue à Katwa (Croix Rouge). Fournitures IPC/WASH livrées à 27/42 établissements de santé à Butembo avec le soutien de l'OMS. Accompagnement de 22 formations sanitaires prioritaires. L'évaluation du tableau de bord de 11 établissements (10 Beni, 1 Butembo) est en moyenne de 45,4%. 4 SDB et 21 écouvillons post-mortem réalisés au cours des dernières 24 heures."
